fua_code,fua_nome,paese,regione
IT001F,Roma,Italia,Lazio
IT002F,Milano,Italia,Lombardia
IT003F,Napoli,Italia,Campania
IT004F,Torino,Italia,Piemonte
IT005F,Palermo,Italia,Sicilia
IT006F,Genova,Italia,Liguria
IT007F,Bari,Italia,Puglia
IT008F,Bari,Italia,Puglia
IT009F,Bologna,Italia,Emilia-Romagna
IT010F,Catania,Italia,Sicilia
IT011F,Firenze,Italia,Toscana
IT012F,Verona,Italia,Veneto
IT013F,Cremona,Italia,Lombardia
IT014F,Trieste,Italia,Friuli Venezia Giulia
IT015F,Brescia,Italia,Lombardia
IT016F,Modena,Italia,Emilia-Romagna
IT017F,Parma,Italia,Emilia-Romagna
IT018F,Reggio di Calabria,Italia,Calabria
IT019F,Ancona,Italia,Marca
IT020F,Caserta,Italia,Campania
IT021F,Cagliari,Italia,Sardegna
IT022F,Potenza,Italia,Basilicata
IT023F,Perugia,Italia,Umbria
IT024F,Cosenza,Italia,Calabria
IT025F,Venezia,Italia,Veneto
IT026F,Rimini,Italia,Emilia-Romagna
IT027F,Padova,Italia,Veneto
IT028F,Brescia,Italia,Lombardia
IT029F,Pisa,Italia,Toscana
IT030F,Ferrara,Italia,Emilia-Romagna
IT031F,Pescara,Italia,Abruzzo
IT032F,Trento,Italia,Trentino-Alto Adige
IT033F,Bolzano,Italia,Trentino-Alto Adige
IT034F,Udine,Italia,Friuli Venezia Giulia
IT035F,Como,Italia,Lombardia
IT036F,Prato,Italia,Toscana
IT037F,Lecco,Italia,Lombardia
IT038F,Pavia,Italia,Lombardia
IT039F,Bergamo,Italia,Lombardia
IT040F,Piacenza,Italia,Emilia-Romagna
IT041F Savona,Italia,Liguria
IT042F,Lucca,Italia,Toscana
IT043F,Asti,Italia,Piemonte
IT044F,La Spezia,Italia,Liguria
IT045F,Avellino,Italia,Campania
IT046F,Salerno,Italia,Campania
IT047F,Novara,Italia,Piemonte
IT048F,Pordenone,Italia,Friuli Venezia Giulia
IT049F,Acireale,Italia,Sicilia
IT050F,Lecce,Italia,Puglia
IT051F,Massa,Italia,Toscana
IT052F,Grosseto,Italia,Toscana
IT053F,Siena,Italia,Toscana
IT054F,Arezzo,Italia,Toscana
IT055F,Carrara,Italia,Toscana
IT056F,Pistoia,Italia,Toscana
IT057F,Livorno,Italia,Toscana
IT058F,Viareggio,Italia,Toscana
IT059F,Cecina,Italia,Toscana
IT060F,Viterbo,Italia,Lazio
IT061F,L'Aquila,Italia,Abruzzo
IT062F,Chieti,Italia,Abruzzo
IT063F,Teramo,Italia,Abruzzo
IT064F,Isernia,Italia,Molise
IT065F,Campobasso,Italia,Molise
IT066F,Latin Lazio,Italia,Lazio
IT067F,Frosinone,Italia,Lazio
IT068F,Rieti,Italia,Lazio
IT069F,Taranto,Italia,Puglia
IT070F,Brindisi,Italia,Puglia
IT071F,Foggia,Italia,Puglia
IT072F,Barletta,Italia,Puglia
IT073F,Lecce,Italia,Puglia
IT074F,Gallipoli,Italia,Puglia
IT075F,Andria,Italia,Puglia
IT076F,Trani,Italia,Puglia
IT077F,Terni,Italia,Umbria
IT078F,Foligno,Italia,Umbria
IT079F,Spoleto,Italia,Umbria
IT080F,Ravenna,Italia,Emilia-Romagna
IT081F,Cesena,Italia,Emilia-Romagna
IT082F,Forlì,Italia,Emilia-Romagna
IT083F,Imola,Italia,Emilia-Romagna
IT084F,Biella,Italia,Piemonte
IT085F,Vercelli,Italia,Piemonte
IT086F,Alessandria,Italia,Piemonte
IT087F,L'Aquila,Italia,Abruzzo
IT088F,Fermo,Italia,Marca
IT089F,Ascoli Piceno,Italia,Marca
IT090F,Jesi,Italia,Marca
IT091F,Urbino,Italia,Marca
IT092F,Pesaro,Italia,Marca
IT093F,Lucca,Italia,Toscana
IT094F,Carrara,Italia,Toscana
IT095F,Massa,Italia,Toscana
IT096F,Pietrasanta,Italia,Toscana
IT097F,Viareggio,Italia,Toscana
IT098F,Camaiore,Italia,Toscana
IT099F,Viareggio,Italia,Toscana
